category_grouped,customer_state,state_share
Autres,BA,0.02835358808691072
Autres,CE,0.0012170650346220236
Autres,DF,0.01988828160492703
Autres,ES,0.0016635283513256039
Autres,GO,0.004911398148142562
Autres,MA,0.0017734850262840194
Autres,MG,0.10371297597363695
Autres,MS,0.01304246047140493
Autres,MT,0.012620130306955598
Autres,PB,0.00147890973658061
Autres,PE,0.012346973189877833
Autres,PR,0.13666770037002157
Autres,RJ,0.0952991032723951
Autres,RN,0.004348341539610648
Autres,RO,0.03504872785104536
Autres,RS,0.022813219658141832
Autres,SC,0.09228638087785548
Autres,SP,0.38093683087064567
Autres,TO,0.03159089962961645
agro_industry_and_commerce,AL,0.01937566850872999
agro_industry_and_commerce,AP,0.008390657777502177
agro_industry_and_commerce,BA,0.03182787368322201
agro_industry_and_commerce,CE,0.007964241234377646
agro_industry_and_commerce,ES,0.006215958926211181
agro_industry_and_commerce,GO,0.03180643802216728
agro_industry_and_commerce,MA,0.007842262115518563
agro_industry_and_commerce,MG,0.16155190103053216
agro_industry_and_commerce,MS,0.007581206386244837
agro_industry_and_commerce,MT,0.008120670522788979
agro_industry_and_commerce,PA,0.01642328897810207
agro_industry_and_commerce,PB,0.007608256149004384
agro_industry_and_commerce,PE,0.07768768420473761
agro_industry_and_commerce,PI,0.0054740043486321424
agro_industry_and_commerce,PR,0.06743505855954654
agro_industry_and_commerce,RJ,0.11975032048227174
agro_industry_and_commerce,RO,0.0028657437338650395
agro_industry_and_commerce,RS,0.042808801431391784
agro_industry_and_commerce,SC,0.014695038805564135
agro_industry_and_commerce,SP,0.35457492509958966
air_conditioning,AL,0.01039203382313352
air_conditioning,AM,0.0018416732354249422
air_conditioning,BA,0.01581585914516407
air_conditioning,CE,0.008670922318219702
air_conditioning,DF,0.00862831415643264
air_conditioning,ES,0.016566505207556623
air_conditioning,GO,0.01872628710541453
air_conditioning,MA,0.003594418072574611
air_conditioning,MG,0.07276392689730593
air_conditioning,MT,0.010834900474435426
air_conditioning,PA,0.018092490698831957
air_conditioning,PB,0.0014000977405408267
air_conditioning,PE,0.008765822314927254
air_conditioning,PI,0.010022440298541187
air_conditioning,PR,0.05885252346838184
air_conditioning,RJ,0.2925870191007225
air_conditioning,RS,0.02813171603080441
air_conditioning,SP,0.41431304991158807
art,AM,0.003210160362874149
art,AP,0.008065758018055204
art,BA,0.039339332854476154
art,DF,0.024237985174779923
art,ES,0.002718440827802226
art,GO,0.017942275879085846
art,MG,0.060180240521300596
art,MS,0.005359353521565036
art,MT,0.0034491169403929015
art,PA,0.008861571923628771
art,PB,0.005458122240272786
art,PE,0.005105528534778449
art,PI,0.010916244480545572
art,PR,0.03143429526041134
art,RJ,0.12937286111737512
art,RN,0.004853473596714224
art,RO,0.008948304311024466
art,RS,0.02733521642916743
art,SC,0.019792330803697706
art,SP,0.5834193872020521
audio,AL,0.012012257739846245
audio,AM,0.0020373235975367117
audio,BA,0.030162101796448723
audio,CE,0.019224272986063908
audio,DF,0.041312859651298
audio,ES,0.02533659954984274
audio,GO,0.037209750762728915
audio,MA,0.015279838038733163
audio,MG,0.11089387328249244
audio,MS,0.0036820537104175666
audio,MT,0.01349386677188006
audio,PA,0.01082736186250476
audio,PB,0.0018420052259226969
audio,PE,0.009649225637368496
audio,PI,0.006175120175053645
audio,PR,0.056291003738977094
audio,RJ,0.18117344360342116
audio,RN,0.003986771716405551
audio,RS,0.04469926752052933
audio,SC,0.03151545532216769
audio,SP,0.3394080074484252
audio,TO,0.0037875398619358824
auto,AC,0.000967165540133337
auto,AL,0.007731333508547552
auto,AM,0.0012813471274178171
auto,AP,0.0020554039401047912
auto,BA,0.05004201678277908
auto,CE,0.020264902332441027
auto,DF,0.02928978376951246
auto,ES,0.020602740323307202
auto,GO,0.019811850788615217
auto,MA,0.010254093883834843
auto,MG,0.12300646033149153
auto,MS,0.011705813874601978
auto,MT,0.017363478770730273
auto,PA,0.014446829778178183
auto,PB,0.007982670011332425
auto,PE,0.022164179853601782
auto,PI,0.017426075455686404
auto,PR,0.04966452253538375
auto,RJ,0.1109579719807945
auto,RN,0.00699515032037185
auto,RO,0.002869964490116321
auto,RR,0.00037582850928025814
auto,RS,0.044442930343697735
auto,SC,0.046905607252939366
auto,SE,0.004695744969883673
auto,SP,0.35224599725688
auto,TO,0.004450136268336617
baby,AC,0.0018208262834792462
baby,AL,0.0022383778318633765
baby,AM,0.0016642131302045424
baby,BA,0.03845869854302575
baby,CE,0.011870567038594368
baby,DF,0.02132152350435587
baby,ES,0.02068306388283933
baby,GO,0.02386034800946144
baby,MA,0.013319384878661767
baby,MG,0.11748066318278272
baby,MS,0.011077081277089638
baby,MT,0.016535300249758304
baby,PA,0.02408798000730778
baby,PB,0.005367529516045728
baby,PE,0.013288960163418935
baby,PI,0.01052720205506527
baby,PR,0.052745117438774386
baby,RJ,0.1048575595018265
baby,RN,0.005819661248672912
baby,RO,0.005584866809283477
baby,RR,0.0022509277658791225
baby,RS,0.07455602572448305
baby,SC,0.04151378264658605
baby,SE,0.0039266676241646835
baby,SP,0.3700735401075218
baby,TO,0.00507013157885395
bed_bath_table,AC,0.0005780173039671223
bed_bath_table,AL,0.0022570818138736297
bed_bath_table,AM,0.0007512766378654042
bed_bath_table,AP,0.0007013025821315637
bed_bath_table,BA,0.026480726090670217
bed_bath_table,CE,0.0077392994906264855
bed_bath_table,DF,0.01636618443908012
bed_bath_table,ES,0.02173244158363654
bed_bath_table,GO,0.022005234571124008
bed_bath_table,MA,0.004267911885171065
bed_bath_table,MG,0.12747198818680275
bed_bath_table,MS,0.0055943843252923035
bed_bath_table,MT,0.00700316650601376
bed_bath_table,PA,0.004378205502913472
bed_bath_table,PB,0.0037790508471431364
bed_bath_table,PE,0.010265762984833823
bed_bath_table,PI,0.00408857117894026
bed_bath_table,PR,0.044010253942964955
bed_bath_table,RJ,0.14578777451597655
bed_bath_table,RN,0.0035384500783333358
bed_bath_table,RO,0.0018846037362644475
bed_bath_table,RR,0.0006572664325415364
bed_bath_table,RS,0.058453999423680375
bed_bath_table,SC,0.03012956543087177
bed_bath_table,SE,0.0019206137496305545
bed_bath_table,SP,0.44702797914275794
bed_bath_table,TO,0.001128887616892863
books_general_interest,AC,0.01351515782998138
books_general_interest,AL,0.0029058543857758547
books_general_interest,AM,0.002045891339208677
books_general_interest,BA,0.02363881409311723
books_general_interest,CE,0.03159275861158431
books_general_interest,DF,0.029009657991625887
books_general_interest,ES,0.032209184405337335
books_general_interest,GO,0.043085397542004376
books_general_interest,MA,0.007058655189074116
books_general_interest,MG,0.09738635463448715
books_general_interest,MS,0.004693756811014378
books_general_interest,MT,0.001573268494736384
books_general_interest,PA,0.004649688165267056
books_general_interest,PB,0.005548010559347084
books_general_interest,PE,0.012985798834304034
books_general_interest,PI,0.0028437657674759836
books_general_interest,PR,0.06474790236814554
books_general_interest,RJ,0.09260321162298935
books_general_interest,RN,0.03078792597609374
books_general_interest,RO,0.0012071597454509381
books_general_interest,RS,0.05447098713052812
books_general_interest,SC,0.04051692699877178
books_general_interest,SE,0.00278952743424851
books_general_interest,SP,0.39727794933426014
books_general_interest,TO,0.0008563947351706332
books_imported,BA,0.017372497550695972
books_imported,MA,0.14879937889346914
books_imported,MG,0.08747804869031556
books_imported,PA,0.031188420799674658
books_imported,PR,0.02878163299258739
books_imported,RJ,0.109995008965377
books_imported,RS,0.03175591992162227
books_imported,SC,0.007427398931548885
books_imported,SE,0.015649666340092797
books_imported,SP,0.5215520269146163
books_technical,BA,0.039409808278247846
books_technical,CE,0.015122222183707637
books_technical,DF,0.03302182737069787
books_technical,ES,0.059857153256080785
books_technical,GO,0.010608649836563358
books_technical,MA,0.010315746418432465
books_technical,MG,0.10554012083565865
books_technical,MS,0.010140264341001973
books_technical,MT,0.018046056896055686
books_technical,PA,0.00923469016364462
books_technical,PE,0.017745787563563507
books_technical,PI,0.006477238458045486
books_technical,PR,0.08850796038697915
books_technical,RJ,0.09325637541552423
books_technical,RN,0.004366254059918681
books_technical,RS,0.049374157252739255
books_technical,SC,0.050252000928971786
books_technical,SP,0.3675513274244257
books_technical,TO,0.01117235892974131
christmas_supplies,AC,0.010876865733675143
christmas_supplies,BA,0.08372734436564223
christmas_supplies,CE,0.019858488527130236
christmas_supplies,DF,0.04092394755829534
christmas_supplies,ES,0.013414662530382072
christmas_supplies,GO,0.03935538465119216
christmas_supplies,MA,0.012906770672279246
christmas_supplies,MG,0.13807592941716293
christmas_supplies,MS,0.0056932100427925895
christmas_supplies,MT,0.00910215359447786
christmas_supplies,PA,0.07744062403367548
christmas_supplies,PE,0.044072710829152165
christmas_supplies,PR,0.024094522747902764
christmas_supplies,RJ,0.07512061392571312
christmas_supplies,RN,0.004487070785661323
christmas_supplies,RO,0.017790346230960288
christmas_supplies,RS,0.05157637662799706
christmas_supplies,SC,0.09914697442752025
christmas_supplies,SP,0.23233600329838772
cine_photo,BA,0.04688717236124577
cine_photo,DF,0.014436496753222967
cine_photo,ES,0.013512160455989627
cine_photo,GO,0.015557422408256265
cine_photo,MA,0.008870942139234108
cine_photo,MG,0.07716925977391004
cine_photo,MT,0.08828205322321073
cine_photo,PA,0.03843138787202399
cine_photo,PE,0.008405721360837936
cine_photo,PR,0.041041996859454484
cine_photo,RJ,0.07653553383168532
cine_photo,RS,0.12700405145024335
cine_photo,SC,0.14818441791234316
cine_photo,SP,0.29568138359834234
computers,AC,0.005376731377735762
computers,AL,0.00904800325327257
computers,AM,0.005948210440205975
computers,AP,0.006367799096415314
computers,BA,0.09449963000338961
computers,CE,0.03195703700820917
computers,DF,0.047656559983845326
computers,ES,0.035883764835678504
computers,GO,0.01635210189303299
computers,MA,0.03002043432838302
computers,MG,0.09382858025038979
computers,MS,0.002966845752156696
computers,MT,0.012865323596367913
computers,PA,0.01548298464476481
computers,PB,0.03165510327924772
computers,PE,0.04392231544553181
computers,PI,0.010977561242310602
computers,PR,0.029887616133768023
computers,RJ,0.10529656365567562
computers,RO,0.011190405406061346
computers,RS,0.03886710547358299
computers,SC,0.027173219453329418
computers,SE,0.010947578351029469
computers,SP,0.2765114588124206
computers,TO,0.005317066283194938
computers_accessories,AC,0.0014844769804538843
computers_accessories,AL,0.008423504043223897
computers_accessories,AM,0.0030392448452310535
computers_accessories,AP,0.0022946724046093575
computers_accessories,BA,0.037757137349449285
computers_accessories,CE,0.014263536322931876
computers_accessories,DF,0.02668039661903852
computers_accessories,ES,0.01698494126752366
computers_accessories,GO,0.015862024666934715
computers_accessories,MA,0.014164618151674148
computers_accessories,MG,0.12167699586077421
computers_accessories,MS,0.010591194518911447
computers_accessories,MT,0.00993847734935893
computers_accessories,PA,0.013828313275275983
computers_accessories,PB,0.008407584341336143
computers_accessories,PE,0.014866165132503625
computers_accessories,PI,0.0061637328847590255
computers_accessories,PR,0.04818822381049608
computers_accessories,RJ,0.13335040138264537
computers_accessories,RN,0.003697306150697514
computers_accessories,RO,0.002722109356179737
computers_accessories,RR,0.0006369571342913638
computers_accessories,RS,0.05935703583152966
computers_accessories,SC,0.041399846906003124
computers_accessories,SE,0.004519035140586418
computers_accessories,SP,0.3749486519172961
computers_accessories,TO,0.00475341635628492
consoles_games,AC,0.0018586195154356292
consoles_games,AL,0.01719350069761741
consoles_games,AM,0.0028939892896126655
consoles_games,AP,0.0007925344833618566
consoles_games,BA,0.028817147335434053
consoles_games,CE,0.02090958501954518
consoles_games,DF,0.01516640914732712
consoles_games,ES,0.02234754406686873
consoles_games,GO,0.016100453211713227
consoles_games,MA,0.008844435417186524
consoles_games,MG,0.12807852621264357
consoles_games,MS,0.0034428224504517283
consoles_games,MT,0.008733467887717488
consoles_games,PA,0.014663879815121858
consoles_games,PB,0.006325380121523878
consoles_games,PE,0.036570498271920326
consoles_games,PI,0.011766541869573084
consoles_games,PR,0.04204682090729869
consoles_games,RJ,0.10792256198506475
consoles_games,RN,0.010768700136059354
consoles_games,RO,0.00031206009197718614
consoles_games,RS,0.05123281922996848
consoles_games,SC,0.029119854284969004
consoles_games,SE,0.010641278004145636
consoles_games,SP,0.40076235039157915
consoles_games,TO,0.002688220155883398
construction_tools_construction,AL,0.00937569847189055
construction_tools_construction,BA,0.03522515340365635
construction_tools_construction,CE,0.012840752481017396
construction_tools_construction,DF,0.008009838103830363
construction_tools_construction,ES,0.01890251572042483
construction_tools_construction,GO,0.008946895172735395
construction_tools_construction,MA,0.0004291652602968141
construction_tools_construction,MG,0.12450099886193383
construction_tools_construction,MS,0.011565322071515676
construction_tools_construction,MT,0.0215229937323412
construction_tools_construction,PA,0.003354293899778389
construction_tools_construction,PB,0.0016942194504042352
construction_tools_construction,PE,0.019775867628397416
construction_tools_construction,PI,0.0015803826713516502
construction_tools_construction,PR,0.06341058488999246
construction_tools_construction,RJ,0.1468828057297242
construction_tools_construction,RN,0.011913166728652511
construction_tools_construction,RO,0.009444531415663203
construction_tools_construction,RS,0.039615742052012
construction_tools_construction,SC,0.03457422661723484
construction_tools_construction,SE,0.005111977203687297
construction_tools_construction,SP,0.4113228684334593
construction_tools_lights,BA,0.01982089355948364
construction_tools_lights,CE,0.006559290478754227
construction_tools_lights,DF,0.019855210649394415
construction_tools_lights,ES,0.025952761601025814
construction_tools_lights,GO,0.02418861658974433
construction_tools_lights,MA,0.006805880346376567
construction_tools_lights,MG,0.15769668624316224
construction_tools_lights,MS,0.024046005449636074
construction_tools_lights,MT,0.01677242632100247
construction_tools_lights,PA,0.000988619877609229
construction_tools_lights,PE,0.009973943670654573
construction_tools_lights,PI,0.007170216875788574
construction_tools_lights,PR,0.051681537405627996
construction_tools_lights,RJ,0.07672232747956387
construction_tools_lights,RS,0.05830103691039335
construction_tools_lights,SC,0.038010595144645505
construction_tools_lights,SE,0.0063724986540303055
construction_tools_lights,SP,0.4413340100855256
construction_tools_lights,TO,0.007747442657581201
construction_tools_safety,BA,0.057272214902880154
construction_tools_safety,CE,0.022403933822752176
construction_tools_safety,DF,0.013233515399780767
construction_tools_safety,GO,0.01629534437366998
construction_tools_safety,MG,0.18247389663729585
construction_tools_safety,MS,0.05110245184715055
construction_tools_safety,MT,0.027983326593741132
construction_tools_safety,PB,0.018348483546773747
construction_tools_safety,PE,0.027004323984416927
construction_tools_safety,PR,0.05748317388462748
construction_tools_safety,RJ,0.06860012747500092
construction_tools_safety,RN,0.004286425621665533
construction_tools_safety,RO,0.009048745918573431
construction_tools_safety,RS,0.02962646766052787
construction_tools_safety,SC,0.07030804059588491
construction_tools_safety,SE,0.003269414411152309
construction_tools_safety,SP,0.34126011332410633
cool_stuff,AC,0.0001806330969493148
cool_stuff,AL,0.004375587782344636
cool_stuff,AM,0.0010538641458783015
cool_stuff,AP,0.0005037946128169378
cool_stuff,BA,0.03866254327904917
cool_stuff,CE,0.019696581340393017
cool_stuff,DF,0.01957756490882911
cool_stuff,ES,0.017197707904436074
cool_stuff,GO,0.03523853209405694
cool_stuff,MA,0.012525952309699731
cool_stuff,MG,0.11688852041574299
cool_stuff,MS,0.0098777118649922
cool_stuff,MT,0.011967490592361425
cool_stuff,PA,0.012493701353594129
cool_stuff,PB,0.009048605672567265
cool_stuff,PE,0.02366340732724522
cool_stuff,PI,0.0058021481383929725
cool_stuff,PR,0.05884268089034167
cool_stuff,RJ,0.13229267289071744
cool_stuff,RN,0.0064756452015307464
cool_stuff,RO,0.004358470500695469
cool_stuff,RR,0.00026348684353803055
cool_stuff,RS,0.07274760085484315
cool_stuff,SC,0.04432385530675819
cool_stuff,SE,0.009297680153355308
cool_stuff,SP,0.3271210871232738
cool_stuff,TO,0.005522473395596775
costruction_tools_garden,AM,0.0058369781770318515
costruction_tools_garden,BA,0.05658715871203003
costruction_tools_garden,CE,0.07347966484509841
costruction_tools_garden,DF,0.01737169211228509
costruction_tools_garden,ES,0.020059550941598846
costruction_tools_garden,GO,0.015050665034596141
costruction_tools_garden,MG,0.10029807480550876
costruction_tools_garden,MS,0.007571266510629798
costruction_tools_garden,PA,0.0057924846225154035
costruction_tools_garden,PB,0.01999297065858143
costruction_tools_garden,PE,0.03933262229005444
costruction_tools_garden,PI,0.017133219463977507
costruction_tools_garden,PR,0.02408189630889154
costruction_tools_garden,RJ,0.23772265983109095
costruction_tools_garden,RN,0.007593353239130768
costruction_tools_garden,RO,0.006483895253850133
costruction_tools_garden,RS,0.03750710616482205
costruction_tools_garden,SC,0.011666914208744553
costruction_tools_garden,SP,0.2964378268195623
costruction_tools_tools,BA,0.04022767711023147
costruction_tools_tools,CE,0.006339852917642689
costruction_tools_tools,ES,0.03340160152379507
costruction_tools_tools,GO,0.14876016007431625
costruction_tools_tools,MG,0.11398743292831504
costruction_tools_tools,MS,0.001456437627166465
costruction_tools_tools,MT,0.012387526158166226
costruction_tools_tools,PA,0.0029346214516757668
costruction_tools_tools,PB,0.019795173124822613
costruction_tools_tools,PE,0.012632867871777729
costruction_tools_tools,PR,0.02323943622704591
costruction_tools_tools,RJ,0.06914008286973972
costruction_tools_tools,RS,0.07374135518956271
costruction_tools_tools,SC,0.034184464628137234
costruction_tools_tools,SP,0.40777131029760505
drinks,AL,0.00171317679370197
drinks,AM,0.002870019785742462
drinks,BA,0.024365487839516337
drinks,CE,0.019980735389076465
drinks,DF,0.013203264423178136
drinks,ES,0.02381812716368811
drinks,GO,0.017876537381179423
drinks,MG,0.09117386087030348
drinks,MS,0.009126704333087952
drinks,MT,0.0014339745321981638
drinks,PA,0.004340922181946692
drinks,PI,0.003898132934098258
drinks,PR,0.06036808452408439
drinks,RJ,0.2291663862564844
drinks,RS,0.04993993182495088
drinks,SC,0.04199043257714041
drinks,SP,0.40473422118962255
dvds_blu_ray,AL,0.006551749214133117
dvds_blu_ray,DF,0.02252429635585534
dvds_blu_ray,GO,0.0038432355075993427
dvds_blu_ray,MG,0.04647282636286675
dvds_blu_ray,MS,0.06840437807777852
dvds_blu_ray,PE,0.010530822035282028
dvds_blu_ray,PI,0.010407333568418784
dvds_blu_ray,PR,0.03773944756748302
dvds_blu_ray,RJ,0.09074893010964404
dvds_blu_ray,RN,0.005801213754419858
dvds_blu_ray,RO,0.006318493221169215
dvds_blu_ray,RS,0.034770235986460174
dvds_blu_ray,SC,0.011950939404209309
dvds_blu_ray,SP,0.6439360988346805
electronics,AC,0.0032418454225004536
electronics,AL,0.0036600351182090973
electronics,AM,0.0007063029453683789
electronics,AP,0.0035886511096858077
electronics,BA,0.04216096121387825
electronics,CE,0.024440513245186077
electronics,DF,0.01621511094426747
electronics,ES,0.026052148255054867
electronics,GO,0.0069659219162035374
electronics,MA,0.0037930777934950103
electronics,MG,0.1279158154966513
electronics,MS,0.009392102925236921
electronics,MT,0.007290699704300982
electronics,PA,0.018605162308659978
electronics,PB,0.014926989428067238
electronics,PE,0.014151101662401293
electronics,PI,0.010573731949157856
electronics,PR,0.06746766202297806
electronics,RJ,0.16758611668562298
electronics,RN,0.004229113491334477
electronics,RO,0.002274514304275795
electronics,RR,0.00038945131080587585
electronics,RS,0.05424382307074748
electronics,SC,0.05112398206063459
electronics,SE,0.008283511217938586
electronics,SP,0.308964576901438
electronics,TO,0.0017570774958995529
fashio_female_clothing,BA,0.026146089112451427
fashio_female_clothing,DF,0.04412115288340048
fashio_female_clothing,ES,0.03918933415977304
fashio_female_clothing,GO,0.07024936229050945
fashio_female_clothing,MG,0.15360752854792953
fashio_female_clothing,MT,0.017036379240470117
fashio_female_clothing,PB,0.045342932748468304
fashio_female_clothing,PR,0.03552101461367917
fashio_female_clothing,RJ,0.04156435501942928
fashio_female_clothing,SC,0.01042982811643264
fashio_female_clothing,SP,0.5167920232674565
fashion_bags_accessories,AC,0.0006392805287968186
fashion_bags_accessories,AL,0.0018995914986871803
fashion_bags_accessories,AM,0.003827718539130061
fashion_bags_accessories,BA,0.04461924910594349
fashion_bags_accessories,CE,0.017965470728573567
fashion_bags_accessories,DF,0.023877707955661572
fashion_bags_accessories,ES,0.02398182839822303
fashion_bags_accessories,GO,0.021708743052637314
fashion_bags_accessories,MA,0.014944764738172162
fashion_bags_accessories,MG,0.14963937879444245
fashion_bags_accessories,MS,0.0071759766816625065
fashion_bags_accessories,MT,0.005266468950350426
fashion_bags_accessories,PA,0.015552555953793097
fashion_bags_accessories,PB,0.009183064361677073
fashion_bags_accessories,PE,0.017532795961434925
fashion_bags_accessories,PI,0.002765784967655939
fashion_bags_accessories,PR,0.052312979720829565
fashion_bags_accessories,RJ,0.11255525332730482
fashion_bags_accessories,RN,0.009275791685903543
fashion_bags_accessories,RO,0.004964709552227768
fashion_bags_accessories,RS,0.051860419742522916
fashion_bags_accessories,SC,0.04060681436121554
fashion_bags_accessories,SE,0.0035782830918792224
fashion_bags_accessories,SP,0.3611107931704374
fashion_bags_accessories,TO,0.0031545751308375684
fashion_male_clothing,BA,0.08605875560252872
fashion_male_clothing,CE,0.004186935136380266
fashion_male_clothing,ES,0.04065437234364484
fashion_male_clothing,GO,0.029432753847057177
fashion_male_clothing,MA,0.007199541108295732
fashion_male_clothing,MG,0.14069893662988606
fashion_male_clothing,MT,0.013839770313259833
fashion_male_clothing,PA,0.026038490896690653
fashion_male_clothing,PR,0.09427379032804432
fashion_male_clothing,RJ,0.08819287302641188
fashion_male_clothing,RS,0.06873137822582952
fashion_male_clothing,SC,0.009077714996333985
fashion_male_clothing,SP,0.39161468754563694
fashion_shoes,AC,0.013844249207737223
fashion_shoes,AL,0.015367419004250598
fashion_shoes,BA,0.03541088489765895
fashion_shoes,CE,0.012354130648728987
fashion_shoes,DF,0.03813515072946542
fashion_shoes,ES,0.031158526744604294
fashion_shoes,GO,0.04181790244892089
fashion_shoes,MA,0.0018733722705039856
fashion_shoes,MG,0.14320257349593135
fashion_shoes,MS,0.022126748682960922
fashion_shoes,MT,0.019372947702745606
fashion_shoes,PA,0.023217791129540102
fashion_shoes,PB,0.007726254180190424
fashion_shoes,PE,0.0548302449764756
fashion_shoes,PI,0.0083911466282991
fashion_shoes,PR,0.04630161926451152
fashion_shoes,RJ,0.10155520136818058
fashion_shoes,RN,0.01745035018489354
fashion_shoes,RO,0.008007892916803355
fashion_shoes,RS,0.03224956919118348
fashion_shoes,SC,0.030736596053049348
fashion_shoes,SP,0.2868000037973762
fashion_shoes,TO,0.00806942447598845
fashion_sport,BA,0.05957429456858587
fashion_sport,DF,0.01449044349876188
fashion_sport,MA,0.11653519372488547
fashion_sport,MG,0.10887294079269287
fashion_sport,PA,0.09716641212318916
fashion_sport,PR,0.024095135006894915
fashion_sport,RJ,0.0590960988122952
fashion_sport,RS,0.030074435432452067
fashion_sport,SC,0.08360270458623092
fashion_sport,SP,0.40649234145401164
fashion_underwear_beach,BA,0.06536542110398735
fashion_underwear_beach,DF,0.015467273650824682
fashion_underwear_beach,ES,0.010955039999162138
fashion_underwear_beach,GO,0.047275466191412964
fashion_underwear_beach,MG,0.11753714083231075
fashion_underwear_beach,MS,0.04297269793170381
fashion_underwear_beach,MT,0.00861426424408304
fashion_underwear_beach,PA,0.021499004166615755
fashion_underwear_beach,PE,0.02215707460633598
fashion_underwear_beach,PI,0.01630862630850412
fashion_underwear_beach,PR,0.030883926498593964
fashion_underwear_beach,RJ,0.14151132771384237
fashion_underwear_beach,RS,0.0390452218325778
fashion_underwear_beach,SC,0.04398249567541243
fashion_underwear_beach,SP,0.37642501924463284
fixed_telephony,AL,0.013267112565638122
fixed_telephony,AM,0.000648421753430772
fixed_telephony,AP,0.006020518750011822
fixed_telephony,BA,0.06910325509611583
fixed_telephony,CE,0.007979023540515169
fixed_telephony,DF,0.0019008182660124235
fixed_telephony,ES,0.1327719982675129
fixed_telephony,GO,0.00810810896007273
fixed_telephony,MA,0.001961184219236533
fixed_telephony,MG,0.024440960836839182
fixed_telephony,MS,0.0007729363827964285
fixed_telephony,PA,0.009685189189734447
fixed_telephony,PB,0.03143032949407972
fixed_telephony,PE,0.002407545523494177
fixed_telephony,PI,0.006348669963099537
fixed_telephony,PR,0.005847932016903728
fixed_telephony,RJ,0.320453844791096
fixed_telephony,RS,0.04279110732278416
fixed_telephony,SC,0.028772809031124877
fixed_telephony,SE,0.0017586509296987252
fixed_telephony,SP,0.26076121624629056
fixed_telephony,TO,0.022768366853512162
food,AL,0.005895284456089045
food,AM,0.005138616300879916
food,BA,0.03751427811205415
food,CE,0.01240148205230718
food,DF,0.01853741268714
food,ES,0.03333660575674882
food,GO,0.014138509924330448
food,MG,0.07533838817924092
food,MS,0.012591537841201412
food,MT,0.026138276935075568
food,PB,0.008225723927969128
food,PE,0.020713619835370664
food,PI,0.004744284721620227
food,PR,0.061115378630783396
food,RJ,0.09825392055011714
food,RN,0.004277485827170649
food,RO,0.0034579215116080325
food,RS,0.027059842415037536
food,SC,0.0277199786371824
food,SE,0.0010211054902605295
food,SP,0.5023803462078127
food_drink,AL,0.0033805062078700594
food_drink,BA,0.03329803546917471
food_drink,CE,0.01855529968577174
food_drink,DF,0.018627802518067754
food_drink,ES,0.024393503943512897
food_drink,MA,0.008343744312596702
food_drink,MG,0.11590539514783428
food_drink,MS,0.0016621397607998396
food_drink,PA,0.004234264049396624
food_drink,PE,0.03826127357390135
food_drink,PI,0.011712413323357207
food_drink,PR,0.04614780614814154
food_drink,RJ,0.18653696386744906
food_drink,RN,0.022938515132130247
food_drink,RS,0.024982404499713194
food_drink,SC,0.006466562137639968
food_drink,SE,0.006683084201435556
food_drink,SP,0.42787028602120736
furniture_bedroom,BA,0.04165117324878421
furniture_bedroom,DF,0.0229341782838578
furniture_bedroom,ES,0.00487936219968282
furniture_bedroom,GO,0.008865005934469027
furniture_bedroom,MG,0.10805802357648776
furniture_bedroom,MS,0.009111954457664143
furniture_bedroom,MT,0.025451512326542997
furniture_bedroom,PE,0.009244552433172851
furniture_bedroom,PR,0.015581681366659357
furniture_bedroom,RJ,0.1850958253534628
furniture_bedroom,RN,0.015584114357035661
furniture_bedroom,RS,0.022028294867079655
furniture_bedroom,SC,0.038924602033736655
furniture_bedroom,SE,0.016769386168693008
furniture_bedroom,SP,0.47582033339267127
furniture_decor,AC,0.0019374002863319455
furniture_decor,AL,0.005779147370398658
furniture_decor,AM,0.00036229063692941164
furniture_decor,AP,0.00041537587062944424
furniture_decor,BA,0.034420172708249125
furniture_decor,CE,0.013411630466700396
furniture_decor,DF,0.01694412778043894
furniture_decor,ES,0.018170201463675026
furniture_decor,GO,0.017523184970272603
furniture_decor,MA,0.007020583161590143
furniture_decor,MG,0.10944610139536967
furniture_decor,MS,0.00795341250538589
furniture_decor,MT,0.009424747510722918
furniture_decor,PA,0.01312073758349583
furniture_decor,PB,0.006945247827847848
furniture_decor,PE,0.013726747785843298
furniture_decor,PI,0.0026721749011373486
furniture_decor,PR,0.06677981533925446
furniture_decor,RJ,0.13571558329347136
furniture_decor,RN,0.00464492467342876
furniture_decor,RO,0.0024471227925344104
furniture_decor,RR,0.0007459551237000191
furniture_decor,RS,0.0747907830635433
furniture_decor,SC,0.04390013507341391
furniture_decor,SE,0.005842703239412697
furniture_decor,SP,0.3828275125437434
furniture_decor,TO,0.0030321806324791695
furniture_living_room,AC,0.0015265485784835265
furniture_living_room,AL,0.01036034798687412
furniture_living_room,BA,0.037684900926629475
furniture_living_room,CE,0.007883987824849871
furniture_living_room,DF,0.019240925385886815
furniture_living_room,ES,0.021861182462552035
furniture_living_room,GO,0.020308199147353316
furniture_living_room,MA,0.026226362029695863
furniture_living_room,MG,0.10819140082612
furniture_living_room,MS,0.006724882086707546
furniture_living_room,MT,0.007294837997014715
furniture_living_room,PA,0.0025079669124445894
furniture_living_room,PB,0.008051216267982948
furniture_living_room,PE,0.008258211749826709
furniture_living_room,PI,0.0033139965149822322
furniture_living_room,PR,0.0300512385651087
furniture_living_room,RJ,0.24225792648453748
furniture_living_room,RO,0.0024449832788796914
furniture_living_room,RS,0.05373802693193963
furniture_living_room,SC,0.03182891714238657
furniture_living_room,SE,0.013355173789429851
furniture_living_room,SP,0.33238520744314837
furniture_living_room,TO,0.004503559667165977
garden_tools,AC,0.0012105821933185072
garden_tools,AL,0.003677571361226925
garden_tools,AM,0.003882011167997329
garden_tools,AP,0.0005138811855687442
garden_tools,BA,0.05105490033041602
garden_tools,CE,0.013687059333402982
garden_tools,DF,0.018345952037904373
garden_tools,ES,0.023165308507679623
garden_tools,GO,0.030888247737566182
garden_tools,MA,0.005420094188840859
garden_tools,MG,0.1253226457458709
garden_tools,MS,0.010142254876748713
garden_tools,MT,0.0176983282239929
garden_tools,PA,0.01281204052718321
garden_tools,PB,0.01083417997341341
garden_tools,PE,0.016159046945887882
garden_tools,PI,0.007425120946524637
garden_tools,PR,0.04376475450541735
garden_tools,RJ,0.15272713167527507
garden_tools,RN,0.0061210062149667024
garden_tools,RO,0.0015110879965383375
garden_tools,RR,0.0004935964019278727
garden_tools,RS,0.07480612240304058
garden_tools,SC,0.04794898327272234
garden_tools,SE,0.00803558166736916
garden_tools,SP,0.30953085437985195
garden_tools,TO,0.0028216561993474193
health_beauty,AC,0.0011487149724703342
health_beauty,AL,0.010321124207572337
health_beauty,AM,0.0023381590051126076
health_beauty,AP,0.0011931504604084312
health_beauty,BA,0.041965424526115506
health_beauty,CE,0.026304774668834494
health_beauty,DF,0.023940281980304654
health_beauty,ES,0.016472371419821562
health_beauty,GO,0.02312307018487453
health_beauty,MA,0.010812913033308972
health_beauty,MG,0.12376812465735498
health_beauty,MS,0.00894399888879352
health_beauty,MT,0.01244529600663503
health_beauty,PA,0.019313570410612643
health_beauty,PB,0.013502717637516834
health_beauty,PE,0.0345817553772389
health_beauty,PI,0.008421052470842872
health_beauty,PR,0.04338788070583211
health_beauty,RJ,0.11363381412642336
health_beauty,RN,0.011257066627286913
health_beauty,RO,0.005530392797913884
health_beauty,RR,0.000857434171656497
health_beauty,RS,0.04183569955429998
health_beauty,SC,0.03260110701141331
health_beauty,SE,0.007067581657358188
health_beauty,SP,0.3610497225336246
health_beauty,TO,0.0041828009063729
home_appliances,AL,0.0036218385367873373
home_appliances,AM,0.0030195673395730497
home_appliances,BA,0.03735334180506394
home_appliances,CE,0.022078539911862698
home_appliances,DF,0.022651650276769984
home_appliances,ES,0.01478548944351552
home_appliances,GO,0.010144706156188576
home_appliances,MA,0.016675890402854266
home_appliances,MG,0.07862034101751092
home_appliances,MS,0.0037255331931858814
home_appliances,MT,0.012504943919087427
home_appliances,PA,0.009839412243949205
home_appliances,PB,0.025468881444162317
home_appliances,PE,0.004114519746883975
home_appliances,PI,0.004953341089202355
home_appliances,PR,0.072166848807822
home_appliances,RJ,0.11277799247776854
home_appliances,RN,0.0055546648225510715
home_appliances,RO,0.0038409132372597956
home_appliances,RR,0.011843824688444932
home_appliances,RS,0.07509630180640302
home_appliances,SC,0.03817647735671899
home_appliances,SE,0.0013475041643668734
home_appliances,SP,0.4077272836853144
home_appliances,TO,0.0019101924267528841
home_appliances_2,AL,0.020266401227858572
home_appliances_2,AM,0.004773081076238791
home_appliances_2,BA,0.020229182651051836
home_appliances_2,CE,0.02402523580626877
home_appliances_2,DF,0.023899804368848667
home_appliances_2,ES,0.010060132975046798
home_appliances_2,GO,0.013627799408949665
home_appliances_2,MG,0.05969054122899929
home_appliances_2,MS,0.007792136020847559
home_appliances_2,MT,0.007825004374391169
home_appliances_2,PE,0.009280395734976665
home_appliances_2,PI,0.0054364095641753
home_appliances_2,PR,0.06420945648310551
home_appliances_2,RJ,0.24497178638534794
home_appliances_2,RN,0.013058886877760982
home_appliances_2,RS,0.09344690423611851
home_appliances_2,SC,0.0701671678016453
home_appliances_2,SE,0.0014730339327081686
home_appliances_2,SP,0.2957735325327419
home_appliances_2,TO,0.009993107312918647
home_comfort_2,BA,0.025363495019562952
home_comfort_2,ES,0.023919766269712452
home_comfort_2,GO,0.12320388183635464
home_comfort_2,MG,0.06386577594013225
home_comfort_2,PR,0.023919766269712452
home_comfort_2,RJ,0.09567906507884981
home_comfort_2,RS,0.11050077739240377
home_comfort_2,SP,0.5335474721932717
home_confort,AL,0.0019018396527034098
home_confort,BA,0.021936639398253653
home_confort,CE,0.006820666974334668
home_confort,DF,0.00939204090202556
home_confort,ES,0.026064468919295355
home_confort,GO,0.01867731863179208
home_confort,MA,0.012026522407199194
home_confort,MG,0.13775805059653737
home_confort,MS,0.0016347089894294064
home_confort,MT,0.011593381693041178
home_confort,PB,0.0020797287769959366
home_confort,PE,0.01781757069385074
home_confort,PI,0.009499249539537416
home_confort,PR,0.02809742384474526
home_confort,RJ,0.13894580944897136
home_confort,RN,0.0017079137793093863
home_confort,RO,0.0038216464039372
home_confort,RS,0.051059821231824266
home_confort,SC,0.02767200452830278
home_confort,SE,0.004377438551038141
home_confort,SP,0.45678675221975334
home_confort,TO,0.010329002817122257
home_construction,AL,0.008474999473794773
home_construction,AM,0.010336424668666109
home_construction,BA,0.032946018772526224
home_construction,CE,0.019868168050552023
home_construction,DF,0.009851799972678599
home_construction,ES,0.025458427929900385
home_construction,GO,0.03293869317035141
home_construction,MA,0.010408648915460075
home_construction,MG,0.10301736394705921
home_construction,MS,0.016943189232891828
home_construction,MT,0.014085585319740869
home_construction,PA,0.0031634220095756974
home_construction,PB,0.012747682736630362
home_construction,PE,0.018075149535144112
home_construction,PI,0.01020838139684995
home_construction,PR,0.03383778186544086
home_construction,RJ,0.08875059894536091
home_construction,RN,0.005454168762889448
home_construction,RS,0.08939401380679973
home_construction,SC,0.04618730264724563
home_construction,SE,0.010741293160693995
home_construction,SP,0.39588585927662673
home_construction,TO,0.001225026403121078
housewares,AC,0.0008723025741058159
housewares,AL,0.0017163098137180004
housewares,AM,0.0006557086759877488
housewares,AP,0.0009245712223709611
housewares,BA,0.028493161722824692
housewares,CE,0.013176286770776058
housewares,DF,0.020975436351275294
housewares,ES,0.019058291586341217
housewares,GO,0.02408825172024955
housewares,MA,0.004167160950396181
housewares,MG,0.12434596421141894
housewares,MS,0.015342655426531442
housewares,MT,0.006299648502186658
housewares,PA,0.007872838770062595
housewares,PB,0.004133760070955954
housewares,PE,0.009899575826523592
housewares,PI,0.004524852396357659
housewares,PR,0.05042835206164748
housewares,RJ,0.12437674913094841
housewares,RN,0.0028365725298959673
housewares,RO,0.0012823132182824054
housewares,RS,0.06293614101909432
housewares,SC,0.04277350995081452
housewares,SE,0.0019924010029463922
housewares,SP,0.4246023674588842
housewares,TO,0.0022248170354039086
industry_commerce_and_business,AL,0.005788535109706491
industry_commerce_and_business,BA,0.01314898983950376
industry_commerce_and_business,CE,0.006367897950647197
industry_commerce_and_business,DF,0.030825710892000185
industry_commerce_and_business,ES,0.004745469775192362
industry_commerce_and_business,GO,0.03621866639162848
industry_commerce_and_business,MA,0.003348632332308943
industry_commerce_and_business,MG,0.04394647536232991
industry_commerce_and_business,MS,0.0024065841085229365
industry_commerce_and_business,MT,0.008235441174192335
industry_commerce_and_business,PB,0.07978929868021993
industry_commerce_and_business,PE,0.04060293632972155
industry_commerce_and_business,PI,0.02063889927002404
industry_commerce_and_business,PR,0.03356781611829868
industry_commerce_and_business,RJ,0.08376037468010364
industry_commerce_and_business,RN,0.004137669344256763
industry_commerce_and_business,RO,0.002714304298766169
industry_commerce_and_business,RS,0.07652852576774595
industry_commerce_and_business,SC,0.04145521514628487
industry_commerce_and_business,SE,0.00996588974746359
industry_commerce_and_business,SP,0.44907687126239343
industry_commerce_and_business,TO,0.0027297964186887595
kitchen_dining_laundry_garden_furniture,AL,0.0033801323484571708
kitchen_dining_laundry_garden_furniture,BA,0.004591197646406016
kitchen_dining_laundry_garden_furniture,CE,0.0038079711239729815
kitchen_dining_laundry_garden_furniture,DF,0.029241887545015784
kitchen_dining_laundry_garden_furniture,ES,0.0011492587332675894
kitchen_dining_laundry_garden_furniture,GO,0.008447927282516435
kitchen_dining_laundry_garden_furniture,MG,0.08792653397026144
kitchen_dining_laundry_garden_furniture,MT,0.01648621438911765
kitchen_dining_laundry_garden_furniture,PA,0.0014902249484258555
kitchen_dining_laundry_garden_furniture,PB,0.011337899236070861
kitchen_dining_laundry_garden_furniture,PE,0.02347859707339049
kitchen_dining_laundry_garden_furniture,PR,0.07066533393400158
kitchen_dining_laundry_garden_furniture,RJ,0.17089240438524445
kitchen_dining_laundry_garden_furniture,RN,0.007305707630226432
kitchen_dining_laundry_garden_furniture,RS,0.04139391658586031
kitchen_dining_laundry_garden_furniture,SC,0.017105481830243463
kitchen_dining_laundry_garden_furniture,SP,0.49761478165800915
kitchen_dining_laundry_garden_furniture,TO,0.00368452967951236
luggage_accessories,AC,0.0027197834109831173
luggage_accessories,AL,0.0071135039715917005
luggage_accessories,AM,0.003273758291546133
luggage_accessories,BA,0.026387689581866755
luggage_accessories,CE,0.025783915275198393
luggage_accessories,DF,0.020222240726927004
luggage_accessories,ES,0.018493664160134426
luggage_accessories,GO,0.012422157782309097
luggage_accessories,MA,0.010360030024272262
luggage_accessories,MG,0.15978664852894592
luggage_accessories,MS,0.0093817686983433
luggage_accessories,MT,0.007853905977750502
luggage_accessories,PA,0.011060429212739881
luggage_accessories,PB,0.007765969754604289
luggage_accessories,PE,0.013854037065701187
luggage_accessories,PI,0.00504566152531327
luggage_accessories,PR,0.04512043763782311
luggage_accessories,RJ,0.10935948141420107
luggage_accessories,RN,0.0027407761432991897
luggage_accessories,RO,0.00932258085584104
luggage_accessories,RS,0.05126133665858213
luggage_accessories,SC,0.04203456430050583
luggage_accessories,SE,0.002591960996436367
luggage_accessories,SP,0.3933658417455877
luggage_accessories,TO,0.0026778562594962957
market_place,AC,0.0027366002849139757
market_place,AL,0.00902857975498638
market_place,AM,0.0062643871481785195
market_place,BA,0.072681586155475
market_place,CE,0.02129414190204106
market_place,DF,0.012585509070588292
market_place,ES,0.030531059188630725
market_place,GO,0.015155625345872857
market_place,MA,0.009295512217353093
market_place,MG,0.10347740762385155
market_place,MS,0.0046916248002269395
market_place,MT,0.024383861901979054
market_place,PA,0.01911620862895613
market_place,PB,0.014851489752862703
market_place,PE,0.011174270314846996
market_place,PI,0.009699786237011844
market_place,PR,0.032954223097873686
market_place,RJ,0.10096371609670954
market_place,RN,0.005462659682812308
market_place,RO,0.00649442650599048
market_place,RS,0.07226243088355885
market_place,SC,0.05223815584081401
market_place,SE,0.01962558149268261
market_place,SP,0.34053482600560836
market_place,TO,0.0024963300661750686
music,AM,0.005791942137085382
music,CE,0.0252258039572571
music,DF,0.009789051370586152
music,GO,0.18500310787139063
music,MG,0.11697046481265036
music,PR,0.09841245765711108
music,RJ,0.17153814354499575
music,RS,0.0479073170296482
music,SP,0.3393617116192753
musical_instruments,AC,0.0003727496322341545
musical_instruments,AL,0.001976071429511766
musical_instruments,AM,0.0024317117783994036
musical_instruments,AP,0.001640606163872173
musical_instruments,BA,0.05482607336660623
musical_instruments,CE,0.016934860215126565
musical_instruments,DF,0.014115588494937789
musical_instruments,ES,0.02668009091931494
musical_instruments,GO,0.008003397249927689
musical_instruments,MA,0.01870659638963207
musical_instruments,MG,0.14443267769268353
musical_instruments,MS,0.01809481306286229
musical_instruments,MT,0.020716002769857005
musical_instruments,PA,0.009734792962216125
musical_instruments,PB,0.005524527565230246
musical_instruments,PE,0.032605954365063694
musical_instruments,PI,0.007556408002494527
musical_instruments,PR,0.05277595038931837
musical_instruments,RJ,0.10667743728797749
musical_instruments,RN,0.0022440204903218623
musical_instruments,RO,0.00029418446630790924
musical_instruments,RS,0.04747842020355666
musical_instruments,SC,0.03932033749827449
musical_instruments,SE,0.008724212665137303
musical_instruments,SP,0.35779846017916805
musical_instruments,TO,0.00033405475996766743
office_furniture,AL,0.003604331431482623
office_furniture,AM,0.0007773016294055294
office_furniture,BA,0.05754579062266733
office_furniture,CE,0.01880038348120934
office_furniture,DF,0.011294046716775785
office_furniture,ES,0.01754732115149848
office_furniture,GO,0.011975050635528544
office_furniture,MA,0.015983762670803047
office_furniture,MG,0.10378308405688182
office_furniture,MS,0.002889948958433552
office_furniture,MT,0.014330506594285211
office_furniture,PA,0.01935040274220524
office_furniture,PB,0.005195395236537212
office_furniture,PE,0.014302565138990132
office_furniture,PI,0.005684559694273377
office_furniture,PR,0.05872415826075169
office_furniture,RJ,0.17380277187959145
office_furniture,RN,0.005065370066839392
office_furniture,RO,0.004130712395751259
office_furniture,RR,0.0012640819046919574
office_furniture,RS,0.03901179591712244
office_furniture,SC,0.038341084688457566
office_furniture,SE,0.0020180069159317785
office_furniture,SP,0.3693930170959547
office_furniture,TO,0.0051845501139304835
party_supplies,DF,0.050766494452443474
party_supplies,ES,0.018631132190884882
party_supplies,GO,0.016547622408552363
party_supplies,MG,0.22905432747052126
party_supplies,PI,0.05512360840555979
party_supplies,PR,0.06709579063267554
party_supplies,RJ,0.0723732625655214
party_supplies,RS,0.08046450787197802
party_supplies,SC,0.06289301073750977
party_supplies,SP,0.3470502432643536
perfumery,AC,0.0008502716072177728
perfumery,AL,0.004790061492091274
perfumery,AM,0.0003328606896239852
perfumery,BA,0.025631055093538253
perfumery,CE,0.021967531984554176
perfumery,DF,0.02528007452075646
perfumery,ES,0.01727338745719345
perfumery,GO,0.025220643091410252
perfumery,MA,0.01205816781885068
perfumery,MG,0.12310101222672071
perfumery,MS,0.004962524350408333
perfumery,MT,0.007685154093742981
perfumery,PA,0.012162418589275269
perfumery,PB,0.006612081654404764
perfumery,PE,0.01729193185056088
perfumery,PI,0.005683253315765462
perfumery,PR,0.04083736828425686
perfumery,RJ,0.13155497665272045
perfumery,RN,0.008339882892826165
perfumery,RO,0.0032486202356911964
perfumery,RR,0.0006099318006474138
perfumery,RS,0.05181202964966982
perfumery,SC,0.03493050980123695
perfumery,SE,0.0023505577159277325
perfumery,SP,0.41046595960990906
perfumery,TO,0.004947733520999615
pet_shop,AL,0.009455353968722272
pet_shop,AM,0.00210812094711264
pet_shop,AP,0.0003420996565132423
pet_shop,BA,0.028133176980542712
pet_shop,CE,0.006539480404391406
pet_shop,DF,0.023591745595057802
pet_shop,ES,0.011030337148173102
pet_shop,GO,0.021220075436480978
pet_shop,MA,0.004760484263493727
pet_shop,MG,0.1479934413495465
pet_shop,MS,0.012395268021443648
pet_shop,MT,0.013789460494035543
pet_shop,PA,0.009908655495359523
pet_shop,PB,0.004058517587896622
pet_shop,PE,0.01452306554333296
pet_shop,PI,0.006649708186655183
pet_shop,PR,0.040070078218475906
pet_shop,RJ,0.11856090909048403
pet_shop,RN,0.010390673132116394
pet_shop,RO,0.005393212773985589
pet_shop,RS,0.054772142147004974
pet_shop,SC,0.042145391886455955
pet_shop,SE,0.0010517811079633786
pet_shop,SP,0.40941882957031506
pet_shop,TO,0.0016979909944408417
signaling_and_security,BA,0.031010402594134637
signaling_and_security,DF,0.02636573086745392
signaling_and_security,ES,0.04332683134020176
signaling_and_security,GO,0.043236886110422035
signaling_and_security,MG,0.04040361137236075
signaling_and_security,MS,0.013642407034288049
signaling_and_security,MT,0.11574523370590406
signaling_and_security,PA,0.009210819840061675
signaling_and_security,PB,0.10154388131512775
signaling_and_security,PE,0.005518068461883031
signaling_and_security,PR,0.013851208460562406
signaling_and_security,RJ,0.10276563735296898
signaling_and_security,RN,0.0035699690010190218
signaling_and_security,RS,0.06854361897487422
signaling_and_security,SC,0.027850897935364355
signaling_and_security,SE,0.007831659650105917
signaling_and_security,SP,0.34558313598326734
small_appliances,AC,0.0004839930022218785
small_appliances,BA,0.02104460663877628
small_appliances,CE,0.026037058487084208
small_appliances,DF,0.05874426094661856
small_appliances,ES,0.003530256757064626
small_appliances,GO,0.01469461461259816
small_appliances,MA,0.0021325237206212626
small_appliances,MG,0.09399459698625505
small_appliances,MS,0.00185918350462062
small_appliances,MT,0.018006160826591556
small_appliances,PA,0.01823604671100831
small_appliances,PB,0.010951498778746228
small_appliances,PE,0.00427876481302287
small_appliances,PR,0.05831293114095199
small_appliances,RJ,0.15421285188236156
small_appliances,RN,0.0017547204426010725
small_appliances,RO,0.0006002549224860579
small_appliances,RS,0.07987045237350102
small_appliances,SC,0.04573491658662868
small_appliances,SE,0.00804351188698996
small_appliances,SP,0.37747679497925
sports_leisure,AC,0.0018184263030740276
sports_leisure,AL,0.004288974707195886
sports_leisure,AM,0.001432442396404827
sports_leisure,AP,0.0008391432702067628
sports_leisure,BA,0.039390445786023964
sports_leisure,CE,0.011737147556270503
sports_leisure,DF,0.02424818978559261
sports_leisure,ES,0.020711236172300623
sports_leisure,GO,0.021655761302272685
sports_leisure,MA,0.009295543396767539
sports_leisure,MG,0.11569817570215014
sports_leisure,MS,0.009273669817619833
sports_leisure,MT,0.010069239594998896
sports_leisure,PA,0.014049701733694093
sports_leisure,PB,0.0056827062438689875
sports_leisure,PE,0.021084666546589397
sports_leisure,PI,0.005865418855471793
sports_leisure,PR,0.05874013642166769
sports_leisure,RJ,0.12432439584678205
sports_leisure,RN,0.004611148959156693
sports_leisure,RO,0.0036992067788413265
sports_leisure,RR,0.0016909558497724237
sports_leisure,RS,0.05534338045952543
sports_leisure,SC,0.04640178382552607
sports_leisure,SE,0.003614317444266203
sports_leisure,SP,0.3790525622520408
sports_leisure,TO,0.005381222991918601
stationery,AC,0.0022910270280686587
stationery,AL,0.0031145441959290732
stationery,AM,0.0030783063233068603
stationery,AP,0.0011868168957327656
stationery,BA,0.03223388879415166
stationery,CE,0.015503504163317111
stationery,DF,0.020624592146817295
stationery,ES,0.02317399556091374
stationery,GO,0.019875853228326867
stationery,MA,0.007305066281300683
stationery,MG,0.10589953274752432
stationery,MS,0.007625999933262803
stationery,MT,0.013587643615152516
stationery,PA,0.01116611773787542
stationery,PB,0.010192123069624819
stationery,PE,0.02313223167839019
stationery,PI,0.005754630849432028
stationery,PR,0.053111720971639735
stationery,RJ,0.14484883422799197
stationery,RN,0.013832240399567356
stationery,RO,0.0034973620741580607
stationery,RR,0.0006412296873971621
stationery,RS,0.05532003496689034
stationery,SC,0.0392062255177393
stationery,SE,0.0010638631754280726
stationery,SP,0.38149067942787657
stationery,TO,0.001241935302184538
tablets_printing_image,AM,0.00832133013349538
tablets_printing_image,BA,0.07059023760053275
tablets_printing_image,CE,0.0054394199170494165
tablets_printing_image,ES,0.12496730294096481
tablets_printing_image,GO,0.013378094512491133
tablets_printing_image,MA,0.02039496905059163
tablets_printing_image,MG,0.11379604574047272
tablets_printing_image,MS,0.026360968678216388
tablets_printing_image,MT,0.009982169394182037
tablets_printing_image,PA,0.05201373904719913
tablets_printing_image,PE,0.028459291733155444
tablets_printing_image,PI,0.04361702006143049
tablets_printing_image,PR,0.03410089084493769
tablets_printing_image,RJ,0.120995681132569
tablets_printing_image,RS,0.013180484339108194
tablets_printing_image,SP,0.3144023548736037
telephony,AC,0.0031044478480084137
telephony,AL,0.012862644316243916
telephony,AM,0.002831539283658115
telephony,AP,0.0009676204255737667
telephony,BA,0.06470792203238918
telephony,CE,0.024619614612672622
telephony,DF,0.019246731830209512
telephony,ES,0.027307752983882917
telephony,GO,0.021479542393599782
telephony,MA,0.0170826062262464
telephony,MG,0.10641419608967469
telephony,MS,0.004742949164168993
telephony,MT,0.011556726658937717
telephony,PA,0.02457908242900782
telephony,PB,0.010208225791805366
telephony,PE,0.03437956910333214
telephony,PI,0.010101084091852864
telephony,PR,0.04317224500611144
telephony,RJ,0.11873178020353944
telephony,RN,0.014804673087306399
telephony,RO,0.003198209043955908
telephony,RR,0.0005106322632421758
telephony,RS,0.0586838628606751
telephony,SC,0.037376215992979044
telephony,SE,0.007402592921923369
telephony,SP,0.3152993928059134
telephony,TO,0.004628140533089535
toys,AC,0.0005573664098037887
toys,AL,0.00302898545416495
toys,AM,0.0015986540911158878
toys,AP,0.0006829644308402217
toys,BA,0.03282105685258299
toys,CE,0.018229325162901967
toys,DF,0.024459351515704546
toys,ES,0.02235283769951041
toys,GO,0.01754532678714181
toys,MA,0.007812960976237474
toys,MG,0.11920606839447508
toys,MS,0.008360163181743631
toys,MT,0.012908311639620916
toys,PA,0.007052941362127098
toys,PB,0.006987995601563261
toys,PE,0.019293710122255926
toys,PI,0.008945095614582205
toys,PR,0.05153305904819132
toys,RJ,0.1540406365939289
toys,RN,0.004826963096455442
toys,RO,0.006297215248107964
toys,RS,0.058998877398684306
toys,SC,0.03187464676104224
toys,SE,0.002561957791178911
toys,SP,0.3734545436893513
toys,TO,0.004568985076687432
watches_gifts,AC,0.0012053500255761196
watches_gifts,AL,0.009775305068514015
watches_gifts,AM,0.0016483375292568635
watches_gifts,AP,0.0014146004811764778
watches_gifts,BA,0.04071015100997237
watches_gifts,CE,0.026105120244525853
watches_gifts,DF,0.026744812367559764
watches_gifts,ES,0.024581881093428605
watches_gifts,GO,0.027679385257087588
watches_gifts,MA,0.00972525958985762
watches_gifts,MG,0.10313237285689181
watches_gifts,MS,0.005280686470169613
watches_gifts,MT,0.012559990523987421
watches_gifts,PA,0.01903114511507607
watches_gifts,PB,0.011403659638815485
watches_gifts,PE,0.027271017521317293
watches_gifts,PI,0.006926664953294526
watches_gifts,PR,0.049935277501374935
watches_gifts,RJ,0.15151629413460327
watches_gifts,RN,0.00900405782742038
watches_gifts,RO,0.003857454024737586
watches_gifts,RR,0.00022016487358097727
watches_gifts,RS,0.039943568246457825
watches_gifts,SC,0.027884668226011478
watches_gifts,SE,0.002673894538919264
watches_gifts,SP,0.3548693335453411
watches_gifts,TO,0.00489954733504571
